                  epoch,         train/box_loss,         train/cls_loss,         train/dfl_loss,   metrics/precision(B),      metrics/recall(B),       metrics/mAP50(B),    metrics/mAP50-95(B),           val/box_loss,           val/cls_loss,           val/dfl_loss,                 lr/pg0,                 lr/pg1,                 lr/pg2
                      0,                 2.2333,                 6.9941,                 1.7063,                0.63109,                0.59227,                0.58974,                0.26227,                 1.7139,                 1.6124,                 1.3927,               0.070145,              0.0033172,              0.0033172
                      1,                  1.845,                 2.0844,                  1.523,                0.63958,                 0.5794,                0.56649,                0.24068,                 1.8337,                 1.6314,                 1.5005,               0.040123,              0.0066286,              0.0066286
                      2,                 1.9006,                 2.2664,                 1.5877,                0.33577,                0.38197,                0.32837,                0.11203,                 1.7531,                 2.3861,                 1.6432,               0.010079,               0.009918,               0.009918
                      3,                  1.924,                  2.261,                   1.63,                0.44506,                0.49356,                0.43417,                0.16744,                 1.8516,                  1.972,                 1.6392,               0.009901,               0.009901,               0.009901
                      4,                 1.8903,                 1.9899,                 1.5685,                0.36427,                0.33047,                0.33312,                0.13121,                 2.0127,                 2.1798,                 1.7128,               0.009901,               0.009901,               0.009901
                      5,                 1.9058,                 1.9121,                 1.6352,                0.42663,                0.46306,                0.38299,                0.16977,                 1.8375,                 1.8784,                 1.6158,               0.009868,               0.009868,               0.009868
                      6,                 1.9151,                 1.8312,                 1.6476,                0.55179,                0.53219,                0.47396,                0.21024,                 1.8304,                  1.781,                 1.6354,               0.009835,               0.009835,               0.009835
                      7,                 1.8832,                 1.7637,                  1.628,                0.48971,                0.56016,                 0.4898,                0.21385,                 1.7992,                 1.7948,                 1.5968,               0.009802,               0.009802,               0.009802
                      8,                 1.8611,                 1.8014,                 1.6122,                0.54793,                0.60944,                0.54194,                 0.2427,                 1.7058,                 1.6453,                 1.5502,               0.009769,               0.009769,               0.009769
                      9,                 1.8443,                 1.7697,                 1.6108,                0.55393,                0.54506,                0.55093,                0.23649,                 1.7171,                 1.7562,                 1.5902,               0.009736,               0.009736,               0.009736
                     10,                 1.8163,                 1.6727,                 1.6054,                 0.4976,                0.56652,                 0.4721,                0.22028,                  1.695,                 1.6912,                  1.581,               0.009703,               0.009703,               0.009703
                     11,                 1.7844,                 1.6453,                 1.5638,                0.56354,                0.55794,                0.54589,                0.22716,                 1.7629,                 1.7232,                 1.5663,                0.00967,                0.00967,                0.00967
                     12,                 1.7886,                 1.6442,                 1.5676,                0.68889,                0.53218,                   0.59,                0.25443,                 1.6879,                 1.6517,                  1.517,               0.009637,               0.009637,               0.009637
                     13,                  1.773,                 1.5925,                 1.5588,                0.60415,                0.55023,                0.54673,                0.24695,                 1.6196,                 1.6713,                 1.4889,               0.009604,               0.009604,               0.009604
                     14,                 1.7314,                  1.567,                 1.5087,                0.62799,                0.58798,                0.58047,                0.26334,                 1.7197,                 1.5762,                 1.5135,               0.009571,               0.009571,               0.009571
                     15,                 1.7434,                  1.565,                 1.5422,                  0.559,                0.48418,                0.51056,                0.21119,                 1.7904,                 1.7849,                 1.6645,               0.009538,               0.009538,               0.009538
                     16,                 1.7349,                 1.5942,                  1.542,                 0.6599,                0.60515,                0.63096,                0.28458,                 1.6577,                 1.5667,                 1.5101,               0.009505,               0.009505,               0.009505
                     17,                 1.7191,                 1.5151,                 1.5398,                0.61483,                0.61803,                0.59687,                0.25018,                 1.6816,                 1.6272,                  1.523,               0.009472,               0.009472,               0.009472
                     18,                 1.7115,                 1.4954,                 1.5231,                0.59009,                 0.6611,                0.62451,                0.27629,                 1.6954,                 1.5303,                 1.5223,               0.009439,               0.009439,               0.009439
                     19,                 1.7051,                 1.5046,                 1.5236,                0.55207,                0.57082,                0.56766,                0.25439,                 1.6299,                 1.7033,                 1.5252,               0.009406,               0.009406,               0.009406
                     20,                 1.6973,                 1.4787,                 1.5098,                0.67539,                0.58798,                0.64838,                0.27439,                 1.6864,                 1.6293,                 1.5628,               0.009373,               0.009373,               0.009373
                     21,                 1.6752,                 1.4979,                 1.5052,                0.64931,                0.58369,                0.61855,                0.27793,                 1.6785,                 1.5952,                 1.5012,                0.00934,                0.00934,                0.00934
                     22,                 1.6756,                 1.4343,                 1.4964,                0.62765,                0.57877,                0.58246,                0.25425,                 1.7191,                 1.5956,                 1.5493,               0.009307,               0.009307,               0.009307
                     23,                 1.6797,                 1.4463,                 1.4902,                0.62986,                0.55794,                0.56171,                0.24488,                 1.6966,                 1.6816,                 1.5316,               0.009274,               0.009274,               0.009274
                     24,                 1.6719,                 1.3942,                 1.4867,                0.66521,                0.59695,                0.61351,                0.26956,                 1.6747,                 1.5307,                 1.5177,               0.009241,               0.009241,               0.009241
                     25,                  1.658,                 1.4214,                 1.4834,                 0.5865,                0.61483,                 0.5904,                0.27485,                 1.6459,                 1.6143,                 1.5009,               0.009208,               0.009208,               0.009208
                     26,                 1.6567,                 1.3819,                 1.4768,                0.65287,                0.62661,                0.65419,                0.29391,                 1.6569,                 1.4776,                 1.4966,               0.009175,               0.009175,               0.009175
                     27,                 1.6455,                 1.3832,                 1.4603,                0.72044,                0.57511,                0.63532,                0.27177,                 1.7349,                 1.5817,                 1.5064,               0.009142,               0.009142,               0.009142
                     28,                 1.6483,                 1.3535,                 1.4715,                0.64605,                0.62661,                 0.6455,                0.29842,                 1.6796,                 1.4528,                 1.5376,               0.009109,               0.009109,               0.009109
                     29,                 1.6487,                 1.3557,                 1.4794,                0.65625,                0.58995,                0.62734,                0.28093,                 1.6725,                 1.5771,                 1.5151,               0.009076,               0.009076,               0.009076
                     30,                 1.6327,                 1.3494,                 1.4694,                 0.6668,                0.60123,                0.60878,                0.26725,                 1.7206,                 1.4791,                 1.5384,               0.009043,               0.009043,               0.009043
                     31,                 1.6082,                 1.3304,                 1.4603,                0.62159,                 0.5794,                0.58431,                0.25705,                 1.7215,                 1.6005,                 1.5467,                0.00901,                0.00901,                0.00901
                     32,                 1.5914,                 1.3192,                 1.4338,                0.72121,                0.60944,                0.66129,                0.30702,                 1.6797,                 1.4459,                 1.5227,               0.008977,               0.008977,               0.008977
                     33,                 1.6002,                 1.3094,                 1.4464,                0.71823,                0.61263,                0.65008,                0.27201,                 1.7284,                 1.4986,                 1.5314,               0.008944,               0.008944,               0.008944
                     34,                 1.6082,                  1.318,                 1.4586,                0.68734,                0.60086,                 0.6185,                0.28072,                 1.7468,                 1.4709,                 1.5459,               0.008911,               0.008911,               0.008911
                     35,                  1.596,                  1.317,                 1.4494,                0.63897,                0.60515,                0.66744,                0.28453,                 1.7519,                 1.5185,                  1.614,               0.008878,               0.008878,               0.008878
                     36,                 1.5765,                 1.3448,                 1.4394,                0.66735,                0.63519,                0.62296,                0.27816,                 1.6914,                 1.4928,                 1.5284,               0.008845,               0.008845,               0.008845
                     37,                 1.5653,                 1.2662,                 1.4388,                0.66006,                0.57511,                0.58767,                0.27308,                 1.7199,                 1.4635,                 1.5702,               0.008812,               0.008812,               0.008812
                     38,                 1.5597,                 1.2768,                 1.4361,                0.69455,                0.58369,                0.64349,                0.29277,                 1.7105,                 1.4917,                 1.5566,               0.008779,               0.008779,               0.008779
                     39,                 1.5554,                 1.2523,                 1.4229,                0.64467,                0.60086,                0.63309,                0.27316,                   1.72,                 1.5058,                 1.5535,               0.008746,               0.008746,               0.008746
                     40,                 1.5436,                 1.2677,                 1.4057,                0.64808,                0.63948,                0.62059,                0.25884,                 1.7675,                 1.5355,                 1.5695,               0.008713,               0.008713,               0.008713
                     41,                 1.5505,                 1.2325,                 1.4095,                0.67549,                0.58798,                0.62922,                0.25339,                 1.7367,                 1.5345,                 1.5612,                0.00868,                0.00868,                0.00868
                     42,                 1.5409,                 1.2082,                 1.4148,                0.68379,                0.61373,                0.63227,                0.27151,                 1.7245,                 1.5101,                 1.5488,               0.008647,               0.008647,               0.008647
                     43,                 1.5132,                 1.1886,                 1.3874,                0.71017,                0.58369,                 0.6373,                0.27807,                 1.7535,                 1.5048,                 1.5812,               0.008614,               0.008614,               0.008614
                     44,                 1.5143,                 1.1585,                 1.3871,                0.64563,                0.60086,                0.63947,                 0.2888,                 1.7965,                 1.4869,                 1.6029,               0.008581,               0.008581,               0.008581
                     45,                 1.5126,                 1.1829,                 1.4075,                0.60987,                0.61373,                0.61182,                 0.2544,                 1.7746,                 1.5093,                 1.6137,               0.008548,               0.008548,               0.008548
                     46,                 1.4905,                  1.166,                 1.3843,                0.59657,                0.62832,                0.61371,                0.24933,                 1.8216,                 1.5584,                 1.6137,               0.008515,               0.008515,               0.008515
                     47,                 1.4915,                 1.1486,                  1.395,                0.71728,                0.60976,                0.64991,                0.27445,                 1.8077,                 1.4943,                 1.6062,               0.008482,               0.008482,               0.008482
                     48,                 1.4833,                 1.1699,                 1.3737,                0.69759,                0.60393,                0.61712,                0.25376,                 1.8444,                 1.5383,                   1.64,               0.008449,               0.008449,               0.008449
                     49,                 1.4846,                 1.1491,                  1.377,                 0.5778,                0.60086,                0.56877,                 0.2498,                 1.8909,                 1.5256,                  1.662,               0.008416,               0.008416,               0.008416
                     50,                 1.4827,                 1.1253,                 1.3728,                 0.6468,                0.63519,                0.64629,                0.27057,                 1.7909,                 1.5149,                 1.5923,               0.008383,               0.008383,               0.008383
                     51,                 1.4759,                 1.1287,                 1.3701,                0.62618,                 0.5794,                0.57736,                0.23411,                  1.837,                 1.6127,                 1.5975,                0.00835,                0.00835,                0.00835
                     52,                 1.4761,                 1.1139,                 1.3472,                0.67024,                0.58369,                0.63079,                0.26787,                 1.8403,                 1.4872,                 1.6648,               0.008317,               0.008317,               0.008317
                     53,                 1.4593,                 1.1031,                 1.3523,                0.71803,                0.61803,                 0.6608,                0.26803,                   1.81,                 1.4439,                 1.6065,               0.008284,               0.008284,               0.008284
                     54,                 1.4347,                 1.0757,                   1.34,                0.68082,                0.64378,                0.65563,                0.28458,                 1.8095,                 1.4002,                 1.6483,               0.008251,               0.008251,               0.008251
                     55,                 1.4271,                 1.0697,                  1.327,                 0.6884,                0.65425,                0.65619,                0.28386,                  1.806,                 1.4631,                 1.6274,               0.008218,               0.008218,               0.008218
                     56,                 1.4517,                 1.0716,                 1.3544,                0.68755,                 0.6309,                0.63001,                 0.2815,                 1.8454,                 1.4453,                 1.5765,               0.008185,               0.008185,               0.008185
                     57,                 1.4166,                 1.0647,                 1.3278,                0.61465,                0.60926,                0.58619,                0.24762,                 1.9217,                 1.4621,                 1.7197,               0.008152,               0.008152,               0.008152
                     58,                 1.4181,                 1.0415,                 1.3256,                0.65661,                0.55805,                0.56454,                0.24074,                 1.8652,                 1.5567,                 1.6218,               0.008119,               0.008119,               0.008119
                     59,                 1.4232,                 1.0579,                 1.3342,                0.64938,                0.66094,                0.61353,                0.26699,                 1.8501,                 1.4697,                 1.6349,               0.008086,               0.008086,               0.008086
                     60,                 1.4155,                 1.0552,                 1.3291,                0.63059,                0.63519,                0.64243,                0.27613,                  1.875,                  1.488,                 1.6724,               0.008053,               0.008053,               0.008053
                     61,                 1.4044,                 1.0498,                 1.3329,                0.68021,                0.62992,                0.64595,                0.28703,                 1.8105,                 1.3979,                 1.6141,                0.00802,                0.00802,                0.00802
                     62,                 1.4054,                 1.0507,                 1.3078,                0.62439,                 0.6421,                0.65651,                0.28027,                 1.7943,                 1.4264,                 1.6054,               0.007987,               0.007987,               0.007987
                     63,                  1.364,                 1.0031,                 1.3026,                0.66149,                0.66524,                0.64518,                0.27516,                 1.8776,                 1.3984,                 1.7201,               0.007954,               0.007954,               0.007954
                     64,                 1.3826,                 1.0243,                 1.3027,                0.64734,                0.64807,                0.63301,                0.27188,                  1.916,                 1.4296,                 1.7172,               0.007921,               0.007921,               0.007921
                     65,                 1.3615,                0.98727,                 1.2976,                0.69444,                0.58798,                0.65212,                0.28028,                 1.8737,                 1.4371,                 1.6862,               0.007888,               0.007888,               0.007888
                     66,                 1.3751,                 1.0351,                 1.2966,                0.68901,                0.61803,                0.65358,                0.28857,                 1.8525,                 1.4548,                 1.6141,               0.007855,               0.007855,               0.007855
                     67,                 1.3443,                0.99984,                 1.3009,                 0.5719,                0.65236,                0.58585,                0.24033,                 1.9165,                 1.5512,                  1.727,               0.007822,               0.007822,               0.007822
                     68,                 1.3655,                 1.0027,                 1.3045,                  0.631,                 0.6165,                0.59476,                0.25625,                 1.9681,                 1.4075,                 1.7902,               0.007789,               0.007789,               0.007789
                     69,                 1.3173,                0.98344,                  1.281,                0.63281,                0.66953,                0.64089,                0.26962,                 1.9374,                 1.4134,                 1.7959,               0.007756,               0.007756,               0.007756
                     70,                 1.3296,                0.95059,                 1.2808,                0.67417,                0.60086,                0.62518,                0.28058,                 1.9584,                 1.4369,                 1.7716,               0.007723,               0.007723,               0.007723
                     71,                 1.3263,                0.94254,                 1.2751,                0.72449,                0.57511,                0.65042,                0.29512,                 1.8754,                 1.3256,                   1.65,                0.00769,                0.00769,                0.00769
                     72,                 1.3177,                0.94945,                 1.2658,                0.67763,                0.62661,                0.62087,                0.27296,                 1.9321,                  1.424,                 1.7687,               0.007657,               0.007657,               0.007657
                     73,                 1.3404,                0.94356,                 1.2791,                0.67133,                0.62661,                0.61889,                 0.2526,                 1.9942,                 1.3855,                 1.7838,               0.007624,               0.007624,               0.007624
                     74,                 1.3094,                 0.9177,                 1.2743,                0.71465,                0.66094,                0.66405,                0.29796,                  1.905,                 1.4259,                 1.7186,               0.007591,               0.007591,               0.007591
                     75,                 1.3152,                0.93014,                 1.2597,                0.67528,                0.69616,                0.64885,                0.29648,                  1.861,                 1.3812,                 1.6853,               0.007558,               0.007558,               0.007558
                     76,                 1.2723,                0.92572,                  1.255,                0.71308,                0.62931,                0.67079,                0.30519,                 1.8943,                 1.3493,                  1.749,               0.007525,               0.007525,               0.007525
                     77,                 1.2951,                0.93071,                 1.2701,                0.72217,                0.62475,                0.67071,                 0.2911,                 1.9142,                  1.367,                 1.7534,               0.007492,               0.007492,               0.007492
                     78,                 1.2893,                0.90718,                 1.2508,                 0.7057,                0.65865,                0.68014,                0.29568,                 1.8941,                 1.3989,                 1.7362,               0.007459,               0.007459,               0.007459
                     79,                 1.2653,                0.89784,                 1.2369,                0.72702,                0.63519,                0.67547,                0.31176,                 1.7878,                 1.3927,                 1.6708,               0.007426,               0.007426,               0.007426
                     80,                 1.2495,                0.89396,                 1.2319,                0.70559,                0.64807,                  0.657,                0.28712,                 1.9326,                 1.3915,                 1.7271,               0.007393,               0.007393,               0.007393
                     81,                 1.2381,                0.88568,                 1.2207,                 0.7523,                0.67382,                0.70232,                 0.3171,                  1.903,                 1.2242,                 1.7462,                0.00736,                0.00736,                0.00736
                     82,                 1.2318,                0.86413,                 1.2226,                0.71641,                0.69957,                0.67612,                0.31857,                 1.9376,                 1.2635,                 1.7993,               0.007327,               0.007327,               0.007327
                     83,                 1.2324,                0.86416,                 1.2218,                0.73127,                0.65236,                0.67559,                0.31015,                   1.98,                 1.2749,                 1.8009,               0.007294,               0.007294,               0.007294
                     84,                 1.2484,                0.85693,                 1.2224,                0.62507,                0.68692,                0.66664,                0.31642,                 1.9494,                 1.3374,                 1.7421,               0.007261,               0.007261,               0.007261
                     85,                 1.2316,                0.86991,                 1.2212,                 0.7518,                0.62232,                0.69178,                0.30899,                 1.9928,                 1.3084,                  1.794,               0.007228,               0.007228,               0.007228
                     86,                  1.258,                0.88819,                 1.2247,                0.68151,                0.66953,                0.64948,                0.29728,                 2.0078,                 1.3598,                 1.8414,               0.007195,               0.007195,               0.007195
                     87,                 1.2174,                0.85419,                 1.2169,                0.72409,                0.68708,                0.70556,                0.33029,                 1.9612,                 1.2344,                 1.7984,               0.007162,               0.007162,               0.007162
                     88,                 1.2113,                0.85209,                 1.2063,                0.71459,                0.63401,                0.66668,                0.30977,                  1.956,                 1.2956,                 1.8015,               0.007129,               0.007129,               0.007129
                     89,                 1.2366,                0.85442,                 1.2169,                0.72757,                0.62661,                0.65706,                0.29568,                 1.9527,                  1.282,                 1.7749,               0.007096,               0.007096,               0.007096
                     90,                 1.2334,                0.87312,                 1.2293,                0.66391,                0.65281,                0.63083,                0.28667,                 1.9833,                 1.2648,                  1.865,               0.007063,               0.007063,               0.007063
                     91,                 1.2037,                0.83683,                 1.1988,                0.70462,                0.65524,                0.67928,                0.30999,                  1.944,                  1.271,                 1.8091,                0.00703,                0.00703,                0.00703
                     92,                 1.1934,                0.84665,                 1.2037,                0.77395,                0.63519,                0.71007,                0.30711,                  2.023,                 1.2647,                 1.8713,               0.006997,               0.006997,               0.006997
                     93,                 1.1847,                0.82063,                 1.2003,                0.73159,                0.67848,                0.71323,                0.32583,                 1.9532,                   1.23,                  1.854,               0.006964,               0.006964,               0.006964
                     94,                 1.1896,                0.82542,                 1.2026,                0.69164,                0.65665,                0.68339,                0.29284,                 2.0787,                 1.2731,                 1.9091,               0.006931,               0.006931,               0.006931
                     95,                  1.183,                0.81524,                 1.1781,                0.73293,                0.67382,                 0.7019,                0.31582,                 2.0012,                 1.2366,                 1.8514,               0.006898,               0.006898,               0.006898
                     96,                 1.1769,                0.81763,                 1.1933,                0.74549,                0.67885,                0.70069,                0.30492,                 2.0574,                  1.227,                 1.8628,               0.006865,               0.006865,               0.006865
                     97,                  1.174,                0.81533,                 1.1791,                0.78614,                0.63519,                0.72014,                0.33222,                 1.9418,                 1.2309,                 1.8331,               0.006832,               0.006832,               0.006832
                     98,                 1.1439,                0.79343,                  1.168,                0.75668,                0.66736,                0.69771,                0.31714,                 2.0068,                 1.2625,                 1.8816,               0.006799,               0.006799,               0.006799
                     99,                 1.1621,                0.80256,                 1.1847,                0.79059,                0.64812,                 0.7356,                0.34251,                 1.9374,                 1.1952,                 1.8359,               0.006766,               0.006766,               0.006766
                    100,                 1.1422,                0.79681,                 1.1675,                0.69156,                0.65437,                 0.6754,                0.31505,                 2.0271,                 1.2619,                 1.8995,               0.006733,               0.006733,               0.006733
                    101,                 1.1427,                0.77574,                 1.1697,                 0.7304,                0.66524,                0.61677,                0.26949,                  2.051,                 1.6993,                  1.949,                 0.0067,                 0.0067,                 0.0067
                    102,                 1.1448,                0.79291,                 1.1718,                0.71806,                0.65236,                0.67215,                0.30343,                 1.9875,                  1.223,                 1.8927,               0.006667,               0.006667,               0.006667
                    103,                  1.132,                0.77808,                 1.1517,                0.72504,                0.69034,                0.72877,                0.33026,                 1.9904,                 1.1764,                 1.8478,               0.006634,               0.006634,               0.006634
                    104,                 1.0891,                0.75038,                 1.1305,                0.67024,                0.67811,                0.67043,                0.29676,                 2.1019,                 1.2616,                 2.0098,               0.006601,               0.006601,               0.006601
                    105,                 1.1136,                0.78434,                  1.157,                0.81084,                0.67382,                0.73475,                0.30458,                 2.0578,                  1.156,                 2.0263,               0.006568,               0.006568,               0.006568
                    106,                 1.1121,                0.76804,                 1.1538,                0.74666,                 0.6704,                0.71355,                0.32856,                 1.9277,                 1.1499,                 1.8148,               0.006535,               0.006535,               0.006535
                    107,                 1.1093,                0.76549,                 1.1408,                0.77611,                0.64807,                0.67589,                0.31038,                 1.9734,                 1.2342,                 1.8281,               0.006502,               0.006502,               0.006502
                    108,                 1.0767,                0.74011,                 1.1342,                0.69607,                0.69528,                0.69005,                0.31374,                 2.0038,                 1.2424,                 1.9234,               0.006469,               0.006469,               0.006469
                    109,                 1.0776,                0.74269,                 1.1406,                 0.7528,                0.64807,                0.68308,                0.31335,                 1.9655,                 1.1576,                 1.9334,               0.006436,               0.006436,               0.006436
                    110,                 1.0648,                0.73458,                  1.124,                0.75485,                0.66094,                0.68889,                0.31454,                 2.0269,                 1.1683,                 1.9832,               0.006403,               0.006403,               0.006403
                    111,                   1.08,                0.75018,                 1.1281,                0.73709,                 0.6257,                0.67578,                0.30396,                  2.012,                  1.212,                 1.9071,                0.00637,                0.00637,                0.00637
                    112,                 1.0735,                0.74518,                 1.1265,                0.76292,                0.66524,                 0.6987,                0.31573,                 1.9711,                 1.1868,                 1.8729,               0.006337,               0.006337,               0.006337
                    113,                 1.0743,                0.74971,                 1.1379,                0.76891,                0.67117,                0.71385,                 0.3183,                 1.9897,                 1.1832,                  1.949,               0.006304,               0.006304,               0.006304
                    114,                 1.0675,                0.74038,                 1.1302,                0.76464,                0.66927,                0.69236,                0.32534,                 2.0031,                 1.1404,                 1.8975,               0.006271,               0.006271,               0.006271
                    115,                 1.0744,                0.74771,                 1.1392,                0.70336,                0.71245,                0.70551,                0.32063,                 2.0034,                 1.2155,                 1.9176,               0.006238,               0.006238,               0.006238
                    116,                 1.0221,                0.69706,                 1.1009,                0.74669,                0.69582,                0.69899,                0.31783,                  2.049,                 1.1683,                 1.9971,               0.006205,               0.006205,               0.006205
                    117,                  1.012,                0.70005,                 1.1042,                0.72732,                0.67382,                 0.6758,                0.30057,                  2.091,                  1.166,                 2.0929,               0.006172,               0.006172,               0.006172
                    118,                 1.0387,                0.73072,                 1.1085,                0.72135,                0.67382,                0.70794,                0.32598,                 1.9911,                 1.1764,                 1.9572,               0.006139,               0.006139,               0.006139
                    119,                 1.0106,                0.70045,                 1.1035,                0.73262,                0.69099,                0.68527,                0.32402,                 1.9675,                 1.1611,                 1.9403,               0.006106,               0.006106,               0.006106
                    120,                 1.0184,                0.72122,                 1.1063,                0.75737,                0.68326,                0.70273,                0.31656,                 1.9854,                 1.1419,                 1.9655,               0.006073,               0.006073,               0.006073
                    121,                 1.0259,                0.71595,                 1.1054,                0.80988,                0.69099,                0.71618,                0.32343,                 1.9512,                 1.1342,                 1.8869,                0.00604,                0.00604,                0.00604
                    122,                 1.0058,                0.69193,                 1.0985,                0.76808,                0.68225,                0.70222,                0.32351,                 1.9668,                 1.1288,                 1.9183,               0.006007,               0.006007,               0.006007
                    123,                0.99466,                0.69124,                  1.094,                0.72826,                0.69528,                0.70423,                0.32365,                 2.0225,                 1.1558,                 2.0063,               0.005974,               0.005974,               0.005974
                    124,                0.98716,                 0.6827,                 1.0835,                  0.777,                0.65799,                0.70343,                0.31594,                 2.0558,                 1.1434,                 2.0763,               0.005941,               0.005941,               0.005941
                    125,                0.99124,                 0.6887,                 1.0826,                0.78814,                0.65665,                0.72238,                0.32521,                 2.0654,                 1.1658,                 2.0333,               0.005908,               0.005908,               0.005908
                    126,                 0.9598,                0.66992,                 1.0775,                0.78181,                0.66524,                0.71008,                0.32674,                 2.0699,                 1.1249,                 2.0936,               0.005875,               0.005875,               0.005875
                    127,                0.96876,                0.66706,                 1.0794,                0.78374,                0.65665,                 0.7105,                0.34052,                 1.9687,                  1.063,                  1.956,               0.005842,               0.005842,               0.005842
                    128,                0.98115,                0.68244,                 1.0743,                0.78613,                0.69414,                0.71649,                0.34328,                 1.9656,                 1.1155,                 1.9367,               0.005809,               0.005809,               0.005809
                    129,                0.95657,                0.66644,                 1.0653,                0.78592,                0.67382,                0.70854,                0.33563,                 1.9898,                 1.0842,                 1.9328,               0.005776,               0.005776,               0.005776
                    130,                0.95863,                0.66967,                 1.0685,                0.74318,                0.72033,                0.74619,                0.33404,                 2.0241,                 1.0957,                  1.993,               0.005743,               0.005743,               0.005743
                    131,                0.96091,                0.66814,                 1.0694,                0.75378,                0.70952,                 0.7453,                0.35619,                 2.0008,                 1.0521,                 1.9493,                0.00571,                0.00571,                0.00571
                    132,                0.97389,                 0.6746,                  1.076,                0.79068,                0.68089,                0.73208,                0.33419,                 2.0455,                 1.1333,                 1.9977,               0.005677,               0.005677,               0.005677
                    133,                0.94722,                0.66039,                 1.0675,                0.75913,                0.69099,                0.72098,                 0.3363,                 2.0062,                 1.1438,                 1.9646,               0.005644,               0.005644,               0.005644
                    134,                0.96862,                0.67254,                 1.0753,                0.74866,                0.69957,                0.71561,                0.32694,                 2.0567,                 1.1296,                 2.0322,               0.005611,               0.005611,               0.005611
                    135,                0.94558,                0.67733,                 1.0755,                0.74795,                0.71245,                0.70821,                0.33408,                 1.9786,                 1.1096,                 1.9629,               0.005578,               0.005578,               0.005578
                    136,                0.89866,                0.64118,                  1.037,                0.76405,                0.69528,                0.74474,                0.35502,                 1.9659,                 1.0707,                 1.9514,               0.005545,               0.005545,               0.005545
                    137,                0.91755,                0.65059,                 1.0465,                0.74943,                 0.7317,                0.75993,                 0.3607,                 1.9737,                 1.0728,                  1.948,               0.005512,               0.005512,               0.005512
                    138,                0.92759,                0.64291,                 1.0509,                0.81758,                0.66094,                0.73511,                0.35097,                 2.0157,                 1.1059,                 2.0126,               0.005479,               0.005479,               0.005479
                    139,                0.91794,                0.64189,                 1.0456,                0.72588,                0.71674,                0.71557,                0.34222,                 2.0144,                 1.1292,                 2.0793,               0.005446,               0.005446,               0.005446
                    140,                0.92409,                0.65659,                 1.0527,                0.74528,                 0.6824,                0.71689,                0.34609,                 1.9947,                 1.1077,                 2.0658,               0.005413,               0.005413,               0.005413
                    141,                 0.8975,                0.64846,                 1.0405,                0.73741,                0.70815,                0.74034,                0.33628,                 2.0007,                 1.0748,                 2.0154,                0.00538,                0.00538,                0.00538
                    142,                0.89694,                0.64045,                 1.0377,                0.78445,                0.68725,                0.71633,                0.33979,                 1.9823,                 1.1147,                 2.0247,               0.005347,               0.005347,               0.005347
                    143,                0.89464,                0.63158,                 1.0397,                0.79548,                0.68443,                0.73994,                0.34993,                 2.0077,                 1.0419,                 2.0238,               0.005314,               0.005314,               0.005314
                    144,                0.90465,                0.62464,                  1.034,                0.74786,                0.67467,                0.70898,                0.33374,                 2.0054,                 1.1226,                 2.0124,               0.005281,               0.005281,               0.005281
                    145,                0.88323,                0.61758,                 1.0284,                0.70474,                0.70683,                0.71287,                0.34123,                 1.9964,                 1.1427,                 2.0067,               0.005248,               0.005248,               0.005248
                    146,                0.88529,                0.61515,                 1.0336,                0.73397,                0.64378,                0.72027,                0.32928,                 2.0672,                 1.1041,                 2.1322,               0.005215,               0.005215,               0.005215
                    147,                0.87855,                0.61843,                 1.0252,                0.73346,                0.65665,                 0.6911,                0.32373,                 2.0547,                 1.1573,                  2.167,               0.005182,               0.005182,               0.005182
                    148,                0.88322,                0.63739,                 1.0361,                0.72906,                0.66981,                0.67485,                0.32322,                 2.0688,                 1.1472,                 2.1593,               0.005149,               0.005149,               0.005149
                    149,                0.87529,                0.64028,                 1.0232,                0.77857,                0.63948,                0.70491,                0.33217,                 2.0282,                 1.1269,                 2.0932,               0.005116,               0.005116,               0.005116
                    150,                0.86284,                0.62043,                 1.0289,                0.74687,                0.66953,                0.72446,                0.33528,                   2.04,                 1.1147,                 2.0839,               0.005083,               0.005083,               0.005083
                    151,                0.86229,                0.61289,                 1.0252,                0.77654,                0.68605,                0.73073,                0.35474,                 1.9641,                 1.0905,                 2.0017,                0.00505,                0.00505,                0.00505
                    152,                0.86222,                0.60131,                 1.0213,                0.72528,                0.73391,                 0.7504,                0.36717,                 1.9894,                 1.0778,                 2.0086,               0.005017,               0.005017,               0.005017
                    153,                0.85544,                0.61069,                 1.0184,                0.77158,                0.66687,                0.72766,                0.34996,                 1.9817,                 1.1406,                 2.0106,               0.004984,               0.004984,               0.004984
                    154,                0.84931,                0.60884,                 1.0072,                0.76185,                 0.6824,                0.69036,                0.33387,                 1.9928,                 1.1335,                 2.0142,               0.004951,               0.004951,               0.004951
                    155,                0.84296,                0.58964,                 1.0139,                 0.7821,                0.64807,                0.69566,                0.34346,                  2.022,                 1.1777,                  2.045,               0.004918,               0.004918,               0.004918
                    156,                0.82195,                0.60626,                 1.0009,                0.79897,                0.64807,                0.72627,                 0.3622,                 2.0007,                 1.1623,                 2.0242,               0.004885,               0.004885,               0.004885
                    157,                0.83054,                0.59214,                 1.0029,                0.74961,                0.65665,                0.72667,                0.34924,                 2.0141,                 1.1433,                 2.0684,               0.004852,               0.004852,               0.004852
                    158,                0.81781,                0.58328,                 1.0008,                0.70335,                0.72248,                0.72443,                0.33687,                 2.0634,                 1.0773,                 2.1115,               0.004819,               0.004819,               0.004819
                    159,                0.80952,                0.59221,                0.99496,                0.74831,                0.68907,                0.73079,                0.33358,                 2.0486,                 1.0963,                 2.1021,               0.004786,               0.004786,               0.004786
                    160,                0.83401,                0.59898,                 1.0057,                0.74543,                0.69119,                0.71191,                 0.3388,                 2.0357,                 1.0884,                 2.1285,               0.004753,               0.004753,               0.004753
                    161,                0.80326,                0.58128,                0.99062,                0.73259,                0.68195,                0.70259,                0.34482,                 2.0376,                 1.1304,                 2.1062,                0.00472,                0.00472,                0.00472
                    162,                0.80891,                0.59643,                 0.9921,                0.75489,                0.64378,                0.67894,                0.33054,                 2.0508,                 1.1502,                 2.1309,               0.004687,               0.004687,               0.004687
                    163,                 0.8101,                0.58647,                 0.9962,                0.67136,                0.69099,                0.69679,                0.33876,                 2.0452,                 1.1506,                 2.1212,               0.004654,               0.004654,               0.004654
                    164,                0.80975,                0.60283,                0.99549,                 0.7222,                0.69528,                0.70685,                0.33411,                 2.0485,                 1.1367,                 2.1086,               0.004621,               0.004621,               0.004621
                    165,                0.80161,                0.58071,                0.99398,                0.69016,                0.72103,                 0.7098,                0.34653,                 2.0288,                 1.1641,                 2.1039,               0.004588,               0.004588,               0.004588
                    166,                0.80065,                0.58303,                0.98958,                0.73456,                0.70386,                0.70721,                 0.3445,                 2.0643,                   1.12,                 2.1428,               0.004555,               0.004555,               0.004555
                    167,                0.79005,                0.56669,                0.98627,                0.76056,                0.69528,                  0.735,                0.35494,                 2.0329,                 1.0958,                 2.1186,               0.004522,               0.004522,               0.004522
                    168,                0.78535,                 0.5792,                  0.992,                0.68395,                0.72103,                0.69156,                0.33816,                 2.0466,                 1.1653,                 2.1424,               0.004489,               0.004489,               0.004489
                    169,                0.78093,                0.56689,                0.97998,                 0.7054,                 0.6824,                0.68469,                0.33423,                 2.0369,                 1.1473,                 2.1011,               0.004456,               0.004456,               0.004456
                    170,                0.78649,                0.57551,                0.97773,                0.75091,                0.66094,                0.69249,                0.34683,                 2.0675,                  1.165,                 2.1308,               0.004423,               0.004423,               0.004423
                    171,                0.77651,                0.56672,                0.97652,                0.74781,                0.65236,                 0.6772,                0.33963,                 2.0677,                 1.1526,                 2.1203,                0.00439,                0.00439,                0.00439
                    172,                0.75189,                 0.5495,                0.97086,                0.72281,                 0.6491,                0.70278,                0.34386,                  2.045,                 1.1619,                  2.113,               0.004357,               0.004357,               0.004357
                    173,                0.74406,                0.54593,                0.96476,                0.74989,                0.69099,                0.73154,                 0.3537,                 2.0379,                 1.0972,                 2.1453,               0.004324,               0.004324,               0.004324
                    174,                0.75744,                0.54891,                0.97295,                 0.7321,                0.65679,                0.70649,                0.35373,                 2.0439,                 1.0755,                 2.1154,               0.004291,               0.004291,               0.004291
                    175,                0.75772,                0.55756,                0.97402,                0.72961,                0.66094,                0.71268,                0.35825,                 2.0684,                 1.0799,                 2.1568,               0.004258,               0.004258,               0.004258
                    176,                0.74293,                0.56014,                0.96851,                0.69174,                 0.7127,                0.71426,                0.35919,                 2.0516,                 1.0567,                 2.1695,               0.004225,               0.004225,               0.004225
                    177,                0.73822,                0.53696,                0.96925,                0.76536,                0.65236,                0.69617,                0.34041,                 2.0462,                 1.0905,                 2.2074,               0.004192,               0.004192,               0.004192
                    178,                0.76307,                0.56043,                0.97388,                0.75202,                0.64807,                 0.7237,                0.36258,                 2.0412,                 1.1024,                 2.1599,               0.004159,               0.004159,               0.004159
                    179,                0.73949,                0.54135,                0.95788,                0.66514,                0.71245,                0.69186,                0.34353,                 2.0529,                 1.1099,                 2.1664,               0.004126,               0.004126,               0.004126
                    180,                0.75195,                0.55994,                0.96477,                0.70967,                0.69528,                0.70639,                0.34573,                 2.0548,                 1.0786,                 2.1952,               0.004093,               0.004093,               0.004093
                    181,                0.75554,                 0.5628,                0.97539,                0.77131,                0.65139,                0.73435,                0.36692,                 2.0279,                 1.0998,                 2.1495,                0.00406,                0.00406,                0.00406
                    182,                0.74846,                0.55646,                0.96793,                0.71596,                0.70386,                0.72306,                0.35622,                 2.0157,                 1.1011,                 2.1453,               0.004027,               0.004027,               0.004027
                    183,                0.73217,                0.53845,                0.95401,                0.75347,                0.67811,                0.73386,                0.35308,                 2.0514,                 1.1261,                 2.1778,               0.003994,               0.003994,               0.003994
                    184,                0.75573,                0.56188,                0.97149,                 0.7646,                0.66524,                0.74276,                0.36228,                 2.0515,                 1.1472,                 2.1645,               0.003961,               0.003961,               0.003961
                    185,                0.74266,                0.53909,                0.95916,                0.72404,                0.67563,                0.73002,                0.36415,                 2.0515,                 1.1067,                  2.177,               0.003928,               0.003928,               0.003928
                    186,                0.72986,                0.55852,                 0.9627,                0.77043,                0.69099,                0.74397,                 0.3593,                 2.0408,                 1.1034,                 2.1626,               0.003895,               0.003895,               0.003895
                    187,                0.72066,                0.53429,                0.95374,                0.82133,                0.62232,                0.72941,                0.35505,                 2.0464,                  1.154,                 2.1991,               0.003862,               0.003862,               0.003862
                    188,                0.71837,                0.53915,                  0.956,                0.72865,                0.67382,                0.69419,                 0.3453,                 2.0685,                 1.1955,                 2.2139,               0.003829,               0.003829,               0.003829
                    189,                0.71749,                0.54222,                0.95395,                0.72724,                0.67515,                0.70019,                0.35054,                 2.0789,                 1.2124,                 2.2051,               0.003796,               0.003796,               0.003796
                    190,                0.73245,                0.55547,                0.96284,                0.72496,                0.67811,                0.71015,                0.35573,                 2.0882,                  1.147,                 2.2494,               0.003763,               0.003763,               0.003763
                    191,                0.72073,                0.52864,                0.95463,                0.77514,                0.65098,                0.71621,                0.34303,                  2.111,                 1.1025,                 2.2484,                0.00373,                0.00373,                0.00373
                    192,                0.73005,                0.53612,                0.95865,                0.76549,                0.67382,                0.71394,                0.34635,                 2.1073,                 1.0979,                 2.2806,               0.003697,               0.003697,               0.003697
                    193,                0.72369,                  0.535,                0.95864,                0.71037,                0.69099,                0.69359,                0.35012,                 2.0974,                  1.125,                 2.2453,               0.003664,               0.003664,               0.003664
                    194,                0.73024,                0.54395,                0.96199,                0.72021,                0.70815,                0.70584,                0.35633,                 2.0659,                 1.1115,                 2.2578,               0.003631,               0.003631,               0.003631
                    195,                0.69459,                0.51903,                0.94362,                 0.7116,                0.65236,                0.68873,                0.35479,                 2.0913,                 1.1266,                 2.2771,               0.003598,               0.003598,               0.003598
                    196,                0.71941,                0.52425,                0.95144,                0.71731,                0.65665,                0.66948,                0.34662,                 2.0709,                 1.1467,                 2.2374,               0.003565,               0.003565,               0.003565
                    197,                 0.6969,                0.53419,                0.94881,                0.71653,                0.67811,                0.70651,                0.35206,                 2.0781,                 1.1454,                 2.2066,               0.003532,               0.003532,               0.003532
                    198,                 0.7018,                0.52004,                0.94655,                0.69808,                 0.6867,                0.70021,                0.34772,                 2.0786,                 1.1145,                 2.2396,               0.003499,               0.003499,               0.003499
                    199,                0.71006,                0.51978,                0.94776,                0.73376,                0.67422,                 0.7062,                0.35399,                 2.0599,                 1.1108,                 2.1986,               0.003466,               0.003466,               0.003466
                    200,                0.68807,                0.51325,                0.94312,                0.73981,                0.66524,                0.71534,                 0.3589,                 2.0346,                 1.1029,                 2.1808,               0.003433,               0.003433,               0.003433
                    201,                0.69417,                 0.5214,                0.94301,                0.72816,                0.69528,                0.71075,                 0.3553,                 2.0513,                 1.0985,                 2.1839,                 0.0034,                 0.0034,                 0.0034
                    202,                0.68007,                 0.5185,                0.93945,                 0.7046,                0.67382,                0.71086,                0.35156,                 2.0659,                 1.1212,                 2.2216,               0.003367,               0.003367,               0.003367
